Cacu	holocentric	All	All	67652	308839	21.91
Cacu	holocentric	All|organelle	All|organelle	42	308839	0.01
Cacu	holocentric	All|organelle|mitochondria	organelle|mitochondria	0	308839	0.0
Cacu	holocentric	All|organelle|plastid	organelle|plastid	1135	308839	0.37
Cacu	holocentric	All|repeat	All|repeat	0	308839	0.0
Cacu	holocentric	All|repeat|mobile_element	repeat|mobile_element	0	308839	0.0
Cacu	holocentric	All|repeat|mobile_element|Class_II|Subclass_1|TIR|EnSpm_CACTA	TIR|EnSpm_CACTA	119	308839	0.04
Cacu	holocentric	All|repeat|mobile_element|Class_II|Subclass_1|TIR|hAT	TIR|hAT	117	308839	0.04
Cacu	holocentric	All|repeat|mobile_element|Class_II|Subclass_1|TIR|MuDR_Mutator	TIR|MuDR_Mutator	62	308839	0.02
Cacu	holocentric	All|repeat|mobile_element|Class_II|Subclass_1|TIR|Tc1_Mariner	TIR|Tc1_Mariner	0	308839	0.0
Cacu	holocentric	All|repeat|mobile_element|Class_II|Subclass_2|Helitron	Subclass_2|Helitron	0	308839	0.0
Cacu	holocentric	All|repeat|mobile_element|Class_I|LINE	Class_I|LINE	0	308839	0.0
Cacu	holocentric	All|repeat|mobile_element|Class_I|LTR	Class_I|LTR	0	308839	0.0
Cacu	holocentric	All|repeat|mobile_element|Class_I|LTR|Ty1_copia	LTR|Ty1_copia	0	308839	0.0
Cacu	holocentric	All|repeat|mobile_element|Class_I|LTR|Ty1_copia|Ale	Ty1_copia|Ale	156	308839	0.05
Cacu	holocentric	All|repeat|mobile_element|Class_I|LTR|Ty1_copia|Alesia	Ty1_copia|Alesia	0	308839	0.0
Cacu	holocentric	All|repeat|mobile_element|Class_I|LTR|Ty1_copia|Angela	Ty1_copia|Angela	580	308839	0.19
Cacu	holocentric	All|repeat|mobile_element|Class_I|LTR|Ty1_copia|Bianca	Ty1_copia|Bianca	0	308839	0.0
Cacu	holocentric	All|repeat|mobile_element|Class_I|LTR|Ty1_copia|Ikeros	Ty1_copia|Ikeros	0	308839	0.0
Cacu	holocentric	All|repeat|mobile_element|Class_I|LTR|Ty1_copia|Ivana	Ty1_copia|Ivana	0	308839	0.0
Cacu	holocentric	All|repeat|mobile_element|Class_I|LTR|Ty1_copia|SIRE	Ty1_copia|SIRE	231	308839	0.07
Cacu	holocentric	All|repeat|mobile_element|Class_I|LTR|Ty1_copia|TAR	Ty1_copia|TAR	0	308839	0.0
Cacu	holocentric	All|repeat|mobile_element|Class_I|LTR|Ty1_copia|Tork	Ty1_copia|Tork	0	308839	0.0
Cacu	holocentric	All|repeat|mobile_element|Class_I|LTR|Ty3_gypsy|chromovirus|CRM	chromovirus|CRM	0	308839	0.0
Cacu	holocentric	All|repeat|mobile_element|Class_I|LTR|Ty3_gypsy|chromovirus|Galadriel	chromovirus|Galadriel	0	308839	0.0
Cacu	holocentric	All|repeat|mobile_element|Class_I|LTR|Ty3_gypsy|chromovirus|Reina	chromovirus|Reina	0	308839	0.0
Cacu	holocentric	All|repeat|mobile_element|Class_I|LTR|Ty3_gypsy|chromovirus|Tekay	chromovirus|Tekay	0	308839	0.0
Cacu	holocentric	All|repeat|mobile_element|Class_I|LTR|Ty3_gypsy|non-chromovirus|OTA|Athila	OTA|Athila	336	308839	0.11
Cacu	holocentric	All|repeat|mobile_element|Class_I|LTR|Ty3_gypsy|non-chromovirus|OTA|Tat	OTA|Tat	0	308839	0.0
Cacu	holocentric	All|repeat|mobile_element|Class_I|LTR|Ty3_gypsy|non-chromovirus|OTA|Tat|Ogre	Tat|Ogre	0	308839	0.0
Cacu	holocentric	All|repeat|mobile_element|Class_I|LTR|Ty3_gypsy|non-chromovirus|OTA|Tat|Retand	Tat|Retand	0	308839	0.0
Cacu	holocentric	All|repeat|mobile_element|Class_I|pararetrovirus	Class_I|pararetrovirus	0	308839	0.0
Cacu	holocentric	All|repeat|rDNA|45S_rDNA	rDNA|45S_rDNA	3667	308839	1.19
Cacu	holocentric	All|repeat|rDNA|45S_rDNA|18S_rDNA	45S_rDNA|18S_rDNA	0	308839	0.0
Cacu	holocentric	All|repeat|rDNA|45S_rDNA|25S_rDNA	45S_rDNA|25S_rDNA	0	308839	0.0
Cacu	holocentric	All|repeat|rDNA|5S_rDNA	rDNA|5S_rDNA	79	308839	0.03
Cacu	holocentric	All|repeat|satellite	repeat|satellite	6271	308839	2.03
Chlut	holocentric	All	All	28370	156759	18.1
Chlut	holocentric	All|organelle	All|organelle	0	156759	0.0
Chlut	holocentric	All|organelle|mitochondria	organelle|mitochondria	0	156759	0.0
Chlut	holocentric	All|organelle|plastid	organelle|plastid	21880	156759	13.96
Chlut	holocentric	All|repeat	All|repeat	2351	156759	1.5
Chlut	holocentric	All|repeat|mobile_element	repeat|mobile_element	0	156759	0.0
Chlut	holocentric	All|repeat|mobile_element|Class_II|Subclass_1|TIR|EnSpm_CACTA	TIR|EnSpm_CACTA	50	156759	0.03
Chlut	holocentric	All|repeat|mobile_element|Class_II|Subclass_1|TIR|hAT	TIR|hAT	0	156759	0.0
Chlut	holocentric	All|repeat|mobile_element|Class_II|Subclass_1|TIR|MuDR_Mutator	TIR|MuDR_Mutator	0	156759	0.0
Chlut	holocentric	All|repeat|mobile_element|Class_II|Subclass_1|TIR|Tc1_Mariner	TIR|Tc1_Mariner	0	156759	0.0
Chlut	holocentric	All|repeat|mobile_element|Class_II|Subclass_2|Helitron	Subclass_2|Helitron	0	156759	0.0
Chlut	holocentric	All|repeat|mobile_element|Class_I|LINE	Class_I|LINE	0	156759	0.0
Chlut	holocentric	All|repeat|mobile_element|Class_I|LTR	Class_I|LTR	0	156759	0.0
Chlut	holocentric	All|repeat|mobile_element|Class_I|LTR|Ty1_copia	LTR|Ty1_copia	46	156759	0.03
Chlut	holocentric	All|repeat|mobile_element|Class_I|LTR|Ty1_copia|Ale	Ty1_copia|Ale	24	156759	0.02
Chlut	holocentric	All|repeat|mobile_element|Class_I|LTR|Ty1_copia|Alesia	Ty1_copia|Alesia	0	156759	0.0
Chlut	holocentric	All|repeat|mobile_element|Class_I|LTR|Ty1_copia|Angela	Ty1_copia|Angela	5269	156759	3.36
Chlut	holocentric	All|repeat|mobile_element|Class_I|LTR|Ty1_copia|Bianca	Ty1_copia|Bianca	0	156759	0.0
Chlut	holocentric	All|repeat|mobile_element|Class_I|LTR|Ty1_copia|Ikeros	Ty1_copia|Ikeros	0	156759	0.0
Chlut	holocentric	All|repeat|mobile_element|Class_I|LTR|Ty1_copia|Ivana	Ty1_copia|Ivana	0	156759	0.0
Chlut	holocentric	All|repeat|mobile_element|Class_I|LTR|Ty1_copia|SIRE	Ty1_copia|SIRE	0	156759	0.0
Chlut	holocentric	All|repeat|mobile_element|Class_I|LTR|Ty1_copia|TAR	Ty1_copia|TAR	0	156759	0.0
Chlut	holocentric	All|repeat|mobile_element|Class_I|LTR|Ty1_copia|Tork	Ty1_copia|Tork	0	156759	0.0
Chlut	holocentric	All|repeat|mobile_element|Class_I|LTR|Ty3_gypsy|chromovirus|CRM	chromovirus|CRM	171	156759	0.11
Chlut	holocentric	All|repeat|mobile_element|Class_I|LTR|Ty3_gypsy|chromovirus|Galadriel	chromovirus|Galadriel	0	156759	0.0
Chlut	holocentric	All|repeat|mobile_element|Class_I|LTR|Ty3_gypsy|chromovirus|Reina	chromovirus|Reina	0	156759	0.0
Chlut	holocentric	All|repeat|mobile_element|Class_I|LTR|Ty3_gypsy|chromovirus|Tekay	chromovirus|Tekay	0	156759	0.0
Chlut	holocentric	All|repeat|mobile_element|Class_I|LTR|Ty3_gypsy|non-chromovirus|OTA|Athila	OTA|Athila	1006	156759	0.64
Chlut	holocentric	All|repeat|mobile_element|Class_I|LTR|Ty3_gypsy|non-chromovirus|OTA|Tat	OTA|Tat	0	156759	0.0
Chlut	holocentric	All|repeat|mobile_element|Class_I|LTR|Ty3_gypsy|non-chromovirus|OTA|Tat|Ogre	Tat|Ogre	0	156759	0.0
Chlut	holocentric	All|repeat|mobile_element|Class_I|LTR|Ty3_gypsy|non-chromovirus|OTA|Tat|Retand	Tat|Retand	1310	156759	0.84
Chlut	holocentric	All|repeat|mobile_element|Class_I|pararetrovirus	Class_I|pararetrovirus	0	156759	0.0
Chlut	holocentric	All|repeat|rDNA|45S_rDNA	rDNA|45S_rDNA	0	156759	0.0
Chlut	holocentric	All|repeat|rDNA|45S_rDNA|18S_rDNA	45S_rDNA|18S_rDNA	0	156759	0.0
Chlut	holocentric	All|repeat|rDNA|45S_rDNA|25S_rDNA	45S_rDNA|25S_rDNA	243	156759	0.16
Chlut	holocentric	All|repeat|rDNA|5S_rDNA	rDNA|5S_rDNA	0	156759	0.0
Chlut	holocentric	All|repeat|satellite	repeat|satellite	308	156759	0.2
Cpap	holocentric	All	All	118219	783526	15.09
Cpap	holocentric	All|organelle	All|organelle	95	783526	0.01
Cpap	holocentric	All|organelle|mitochondria	organelle|mitochondria	423	783526	0.05
Cpap	holocentric	All|organelle|plastid	organelle|plastid	56424	783526	7.2
Cpap	holocentric	All|repeat	All|repeat	0	783526	0.0
Cpap	holocentric	All|repeat|mobile_element	repeat|mobile_element	2911	783526	0.37
Cpap	holocentric	All|repeat|mobile_element|Class_II|Subclass_1|TIR|EnSpm_CACTA	TIR|EnSpm_CACTA	0	783526	0.0
Cpap	holocentric	All|repeat|mobile_element|Class_II|Subclass_1|TIR|hAT	TIR|hAT	1172	783526	0.15
Cpap	holocentric	All|repeat|mobile_element|Class_II|Subclass_1|TIR|MuDR_Mutator	TIR|MuDR_Mutator	297	783526	0.04
Cpap	holocentric	All|repeat|mobile_element|Class_II|Subclass_1|TIR|Tc1_Mariner	TIR|Tc1_Mariner	0	783526	0.0
Cpap	holocentric	All|repeat|mobile_element|Class_II|Subclass_2|Helitron	Subclass_2|Helitron	0	783526	0.0
Cpap	holocentric	All|repeat|mobile_element|Class_I|LINE	Class_I|LINE	0	783526	0.0
Cpap	holocentric	All|repeat|mobile_element|Class_I|LTR	Class_I|LTR	0	783526	0.0
Cpap	holocentric	All|repeat|mobile_element|Class_I|LTR|Ty1_copia	LTR|Ty1_copia	0	783526	0.0
Cpap	holocentric	All|repeat|mobile_element|Class_I|LTR|Ty1_copia|Ale	Ty1_copia|Ale	497	783526	0.06
Cpap	holocentric	All|repeat|mobile_element|Class_I|LTR|Ty1_copia|Alesia	Ty1_copia|Alesia	0	783526	0.0
Cpap	holocentric	All|repeat|mobile_element|Class_I|LTR|Ty1_copia|Angela	Ty1_copia|Angela	13348	783526	1.7
Cpap	holocentric	All|repeat|mobile_element|Class_I|LTR|Ty1_copia|Bianca	Ty1_copia|Bianca	742	783526	0.09
Cpap	holocentric	All|repeat|mobile_element|Class_I|LTR|Ty1_copia|Ikeros	Ty1_copia|Ikeros	333	783526	0.04
Cpap	holocentric	All|repeat|mobile_element|Class_I|LTR|Ty1_copia|Ivana	Ty1_copia|Ivana	729	783526	0.09
Cpap	holocentric	All|repeat|mobile_element|Class_I|LTR|Ty1_copia|SIRE	Ty1_copia|SIRE	194	783526	0.02
Cpap	holocentric	All|repeat|mobile_element|Class_I|LTR|Ty1_copia|TAR	Ty1_copia|TAR	0	783526	0.0
Cpap	holocentric	All|repeat|mobile_element|Class_I|LTR|Ty1_copia|Tork	Ty1_copia|Tork	0	783526	0.0
Cpap	holocentric	All|repeat|mobile_element|Class_I|LTR|Ty3_gypsy|chromovirus|CRM	chromovirus|CRM	1532	783526	0.2
Cpap	holocentric	All|repeat|mobile_element|Class_I|LTR|Ty3_gypsy|chromovirus|Galadriel	chromovirus|Galadriel	0	783526	0.0
Cpap	holocentric	All|repeat|mobile_element|Class_I|LTR|Ty3_gypsy|chromovirus|Reina	chromovirus|Reina	0	783526	0.0
Cpap	holocentric	All|repeat|mobile_element|Class_I|LTR|Ty3_gypsy|chromovirus|Tekay	chromovirus|Tekay	0	783526	0.0
Cpap	holocentric	All|repeat|mobile_element|Class_I|LTR|Ty3_gypsy|non-chromovirus|OTA|Athila	OTA|Athila	8095	783526	1.03
Cpap	holocentric	All|repeat|mobile_element|Class_I|LTR|Ty3_gypsy|non-chromovirus|OTA|Tat	OTA|Tat	0	783526	0.0
Cpap	holocentric	All|repeat|mobile_element|Class_I|LTR|Ty3_gypsy|non-chromovirus|OTA|Tat|Ogre	Tat|Ogre	0	783526	0.0
Cpap	holocentric	All|repeat|mobile_element|Class_I|LTR|Ty3_gypsy|non-chromovirus|OTA|Tat|Retand	Tat|Retand	0	783526	0.0
Cpap	holocentric	All|repeat|mobile_element|Class_I|pararetrovirus	Class_I|pararetrovirus	1841	783526	0.23
Cpap	holocentric	All|repeat|rDNA|45S_rDNA	rDNA|45S_rDNA	12054	783526	1.54
Cpap	holocentric	All|repeat|rDNA|45S_rDNA|18S_rDNA	45S_rDNA|18S_rDNA	0	783526	0.0
Cpap	holocentric	All|repeat|rDNA|45S_rDNA|25S_rDNA	45S_rDNA|25S_rDNA	390	783526	0.05
Cpap	holocentric	All|repeat|rDNA|5S_rDNA	rDNA|5S_rDNA	805	783526	0.1
Cpap	holocentric	All|repeat|satellite	repeat|satellite	1702	783526	0.22
Dcap	holocentric	All	All	20367	108069	18.85
Dcap	holocentric	All|organelle	All|organelle	0	108069	0.0
Dcap	holocentric	All|organelle|mitochondria	organelle|mitochondria	0	108069	0.0
Dcap	holocentric	All|organelle|plastid	organelle|plastid	14133	108069	13.08
Dcap	holocentric	All|repeat	All|repeat	0	108069	0.0
Dcap	holocentric	All|repeat|mobile_element	repeat|mobile_element	0	108069	0.0
Dcap	holocentric	All|repeat|mobile_element|Class_II|Subclass_1|TIR|EnSpm_CACTA	TIR|EnSpm_CACTA	0	108069	0.0
Dcap	holocentric	All|repeat|mobile_element|Class_II|Subclass_1|TIR|hAT	TIR|hAT	0	108069	0.0
Dcap	holocentric	All|repeat|mobile_element|Class_II|Subclass_1|TIR|MuDR_Mutator	TIR|MuDR_Mutator	0	108069	0.0
Dcap	holocentric	All|repeat|mobile_element|Class_II|Subclass_1|TIR|Tc1_Mariner	TIR|Tc1_Mariner	0	108069	0.0
Dcap	holocentric	All|repeat|mobile_element|Class_II|Subclass_2|Helitron	Subclass_2|Helitron	0	108069	0.0
Dcap	holocentric	All|repeat|mobile_element|Class_I|LINE	Class_I|LINE	65	108069	0.06
Dcap	holocentric	All|repeat|mobile_element|Class_I|LTR	Class_I|LTR	0	108069	0.0
Dcap	holocentric	All|repeat|mobile_element|Class_I|LTR|Ty1_copia	LTR|Ty1_copia	0	108069	0.0
Dcap	holocentric	All|repeat|mobile_element|Class_I|LTR|Ty1_copia|Ale	Ty1_copia|Ale	0	108069	0.0
Dcap	holocentric	All|repeat|mobile_element|Class_I|LTR|Ty1_copia|Alesia	Ty1_copia|Alesia	0	108069	0.0
Dcap	holocentric	All|repeat|mobile_element|Class_I|LTR|Ty1_copia|Angela	Ty1_copia|Angela	0	108069	0.0
Dcap	holocentric	All|repeat|mobile_element|Class_I|LTR|Ty1_copia|Bianca	Ty1_copia|Bianca	0	108069	0.0
Dcap	holocentric	All|repeat|mobile_element|Class_I|LTR|Ty1_copia|Ikeros	Ty1_copia|Ikeros	0	108069	0.0
Dcap	holocentric	All|repeat|mobile_element|Class_I|LTR|Ty1_copia|Ivana	Ty1_copia|Ivana	21	108069	0.02
Dcap	holocentric	All|repeat|mobile_element|Class_I|LTR|Ty1_copia|SIRE	Ty1_copia|SIRE	777	108069	0.72
Dcap	holocentric	All|repeat|mobile_element|Class_I|LTR|Ty1_copia|TAR	Ty1_copia|TAR	0	108069	0.0
Dcap	holocentric	All|repeat|mobile_element|Class_I|LTR|Ty1_copia|Tork	Ty1_copia|Tork	0	108069	0.0
Dcap	holocentric	All|repeat|mobile_element|Class_I|LTR|Ty3_gypsy|chromovirus|CRM	chromovirus|CRM	0	108069	0.0
Dcap	holocentric	All|repeat|mobile_element|Class_I|LTR|Ty3_gypsy|chromovirus|Galadriel	chromovirus|Galadriel	34	108069	0.03
Dcap	holocentric	All|repeat|mobile_element|Class_I|LTR|Ty3_gypsy|chromovirus|Reina	chromovirus|Reina	0	108069	0.0
Dcap	holocentric	All|repeat|mobile_element|Class_I|LTR|Ty3_gypsy|chromovirus|Tekay	chromovirus|Tekay	0	108069	0.0
Dcap	holocentric	All|repeat|mobile_element|Class_I|LTR|Ty3_gypsy|non-chromovirus|OTA|Athila	OTA|Athila	0	108069	0.0
Dcap	holocentric	All|repeat|mobile_element|Class_I|LTR|Ty3_gypsy|non-chromovirus|OTA|Tat	OTA|Tat	0	108069	0.0
Dcap	holocentric	All|repeat|mobile_element|Class_I|LTR|Ty3_gypsy|non-chromovirus|OTA|Tat|Ogre	Tat|Ogre	0	108069	0.0
Dcap	holocentric	All|repeat|mobile_element|Class_I|LTR|Ty3_gypsy|non-chromovirus|OTA|Tat|Retand	Tat|Retand	0	108069	0.0
Dcap	holocentric	All|repeat|mobile_element|Class_I|pararetrovirus	Class_I|pararetrovirus	0	108069	0.0
Dcap	holocentric	All|repeat|rDNA|45S_rDNA	rDNA|45S_rDNA	3129	108069	2.9
Dcap	holocentric	All|repeat|rDNA|45S_rDNA|18S_rDNA	45S_rDNA|18S_rDNA	0	108069	0.0
Dcap	holocentric	All|repeat|rDNA|45S_rDNA|25S_rDNA	45S_rDNA|25S_rDNA	0	108069	0.0
Dcap	holocentric	All|repeat|rDNA|5S_rDNA	rDNA|5S_rDNA	298	108069	0.28
Dcap	holocentric	All|repeat|satellite	repeat|satellite	74	108069	0.07
Dfil	holocentric	All	All	52998	475294	11.15
Dfil	holocentric	All|organelle	All|organelle	0	475294	0.0
Dfil	holocentric	All|organelle|mitochondria	organelle|mitochondria	0	475294	0.0
Dfil	holocentric	All|organelle|plastid	organelle|plastid	22260	475294	4.68
Dfil	holocentric	All|repeat	All|repeat	1416	475294	0.3
Dfil	holocentric	All|repeat|mobile_element	repeat|mobile_element	0	475294	0.0
Dfil	holocentric	All|repeat|mobile_element|Class_II|Subclass_1|TIR|EnSpm_CACTA	TIR|EnSpm_CACTA	1528	475294	0.32
Dfil	holocentric	All|repeat|mobile_element|Class_II|Subclass_1|TIR|hAT	TIR|hAT	0	475294	0.0
Dfil	holocentric	All|repeat|mobile_element|Class_II|Subclass_1|TIR|MuDR_Mutator	TIR|MuDR_Mutator	0	475294	0.0
Dfil	holocentric	All|repeat|mobile_element|Class_II|Subclass_1|TIR|Tc1_Mariner	TIR|Tc1_Mariner	0	475294	0.0
Dfil	holocentric	All|repeat|mobile_element|Class_II|Subclass_2|Helitron	Subclass_2|Helitron	0	475294	0.0
Dfil	holocentric	All|repeat|mobile_element|Class_I|LINE	Class_I|LINE	0	475294	0.0
Dfil	holocentric	All|repeat|mobile_element|Class_I|LTR	Class_I|LTR	3054	475294	0.64
Dfil	holocentric	All|repeat|mobile_element|Class_I|LTR|Ty1_copia	LTR|Ty1_copia	0	475294	0.0
Dfil	holocentric	All|repeat|mobile_element|Class_I|LTR|Ty1_copia|Ale	Ty1_copia|Ale	0	475294	0.0
Dfil	holocentric	All|repeat|mobile_element|Class_I|LTR|Ty1_copia|Alesia	Ty1_copia|Alesia	0	475294	0.0
Dfil	holocentric	All|repeat|mobile_element|Class_I|LTR|Ty1_copia|Angela	Ty1_copia|Angela	0	475294	0.0
Dfil	holocentric	All|repeat|mobile_element|Class_I|LTR|Ty1_copia|Bianca	Ty1_copia|Bianca	319	475294	0.07
Dfil	holocentric	All|repeat|mobile_element|Class_I|LTR|Ty1_copia|Ikeros	Ty1_copia|Ikeros	153	475294	0.03
Dfil	holocentric	All|repeat|mobile_element|Class_I|LTR|Ty1_copia|Ivana	Ty1_copia|Ivana	0	475294	0.0
Dfil	holocentric	All|repeat|mobile_element|Class_I|LTR|Ty1_copia|SIRE	Ty1_copia|SIRE	56691	475294	11.93
Dfil	holocentric	All|repeat|mobile_element|Class_I|LTR|Ty1_copia|TAR	Ty1_copia|TAR	919	475294	0.19
Dfil	holocentric	All|repeat|mobile_element|Class_I|LTR|Ty1_copia|Tork	Ty1_copia|Tork	6027	475294	1.27
Dfil	holocentric	All|repeat|mobile_element|Class_I|LTR|Ty3_gypsy|chromovirus|CRM	chromovirus|CRM	0	475294	0.0
Dfil	holocentric	All|repeat|mobile_element|Class_I|LTR|Ty3_gypsy|chromovirus|Galadriel	chromovirus|Galadriel	0	475294	0.0
Dfil	holocentric	All|repeat|mobile_element|Class_I|LTR|Ty3_gypsy|chromovirus|Reina	chromovirus|Reina	10235	475294	2.15
Dfil	holocentric	All|repeat|mobile_element|Class_I|LTR|Ty3_gypsy|chromovirus|Tekay	chromovirus|Tekay	112649	475294	23.7
Dfil	holocentric	All|repeat|mobile_element|Class_I|LTR|Ty3_gypsy|non-chromovirus|OTA|Athila	OTA|Athila	34766	475294	7.31
Dfil	holocentric	All|repeat|mobile_element|Class_I|LTR|Ty3_gypsy|non-chromovirus|OTA|Tat	OTA|Tat	0	475294	0.0
Dfil	holocentric	All|repeat|mobile_element|Class_I|LTR|Ty3_gypsy|non-chromovirus|OTA|Tat|Ogre	Tat|Ogre	4461	475294	0.94
Dfil	holocentric	All|repeat|mobile_element|Class_I|LTR|Ty3_gypsy|non-chromovirus|OTA|Tat|Retand	Tat|Retand	36283	475294	7.63
Dfil	holocentric	All|repeat|mobile_element|Class_I|pararetrovirus	Class_I|pararetrovirus	0	475294	0.0
Dfil	holocentric	All|repeat|rDNA|45S_rDNA	rDNA|45S_rDNA	2529	475294	0.53
Dfil	holocentric	All|repeat|rDNA|45S_rDNA|18S_rDNA	45S_rDNA|18S_rDNA	0	475294	0.0
Dfil	holocentric	All|repeat|rDNA|45S_rDNA|25S_rDNA	45S_rDNA|25S_rDNA	0	475294	0.0
Dfil	holocentric	All|repeat|rDNA|5S_rDNA	rDNA|5S_rDNA	0	475294	0.0
Dfil	holocentric	All|repeat|satellite	repeat|satellite	0	475294	0.0
Dlus	monocentric	All	All	110699	1278570	8.66
Dlus	monocentric	All|organelle	All|organelle	0	1278570	0.0
Dlus	monocentric	All|organelle|mitochondria	organelle|mitochondria	0	1278570	0.0
Dlus	monocentric	All|organelle|plastid	organelle|plastid	29434	1278570	2.3
Dlus	monocentric	All|repeat	All|repeat	6776	1278570	0.53
Dlus	monocentric	All|repeat|mobile_element	repeat|mobile_element	0	1278570	0.0
Dlus	monocentric	All|repeat|mobile_element|Class_II|Subclass_1|TIR|EnSpm_CACTA	TIR|EnSpm_CACTA	10699	1278570	0.84
Dlus	monocentric	All|repeat|mobile_element|Class_II|Subclass_1|TIR|hAT	TIR|hAT	650	1278570	0.05
Dlus	monocentric	All|repeat|mobile_element|Class_II|Subclass_1|TIR|MuDR_Mutator	TIR|MuDR_Mutator	165	1278570	0.01
Dlus	monocentric	All|repeat|mobile_element|Class_II|Subclass_1|TIR|Tc1_Mariner	TIR|Tc1_Mariner	0	1278570	0.0
Dlus	monocentric	All|repeat|mobile_element|Class_II|Subclass_2|Helitron	Subclass_2|Helitron	0	1278570	0.0
Dlus	monocentric	All|repeat|mobile_element|Class_I|LINE	Class_I|LINE	4894	1278570	0.38
Dlus	monocentric	All|repeat|mobile_element|Class_I|LTR	Class_I|LTR	11315	1278570	0.88
Dlus	monocentric	All|repeat|mobile_element|Class_I|LTR|Ty1_copia	LTR|Ty1_copia	0	1278570	0.0
Dlus	monocentric	All|repeat|mobile_element|Class_I|LTR|Ty1_copia|Ale	Ty1_copia|Ale	9938	1278570	0.78
Dlus	monocentric	All|repeat|mobile_element|Class_I|LTR|Ty1_copia|Alesia	Ty1_copia|Alesia	0	1278570	0.0
Dlus	monocentric	All|repeat|mobile_element|Class_I|LTR|Ty1_copia|Angela	Ty1_copia|Angela	2818	1278570	0.22
Dlus	monocentric	All|repeat|mobile_element|Class_I|LTR|Ty1_copia|Bianca	Ty1_copia|Bianca	0	1278570	0.0
Dlus	monocentric	All|repeat|mobile_element|Class_I|LTR|Ty1_copia|Ikeros	Ty1_copia|Ikeros	803	1278570	0.06
Dlus	monocentric	All|repeat|mobile_element|Class_I|LTR|Ty1_copia|Ivana	Ty1_copia|Ivana	3542	1278570	0.28
Dlus	monocentric	All|repeat|mobile_element|Class_I|LTR|Ty1_copia|SIRE	Ty1_copia|SIRE	0	1278570	0.0
Dlus	monocentric	All|repeat|mobile_element|Class_I|LTR|Ty1_copia|TAR	Ty1_copia|TAR	21428	1278570	1.68
Dlus	monocentric	All|repeat|mobile_element|Class_I|LTR|Ty1_copia|Tork	Ty1_copia|Tork	10283	1278570	0.8
Dlus	monocentric	All|repeat|mobile_element|Class_I|LTR|Ty3_gypsy|chromovirus|CRM	chromovirus|CRM	293	1278570	0.02
Dlus	monocentric	All|repeat|mobile_element|Class_I|LTR|Ty3_gypsy|chromovirus|Galadriel	chromovirus|Galadriel	0	1278570	0.0
Dlus	monocentric	All|repeat|mobile_element|Class_I|LTR|Ty3_gypsy|chromovirus|Reina	chromovirus|Reina	0	1278570	0.0
Dlus	monocentric	All|repeat|mobile_element|Class_I|LTR|Ty3_gypsy|chromovirus|Tekay	chromovirus|Tekay	242493	1278570	18.97
Dlus	monocentric	All|repeat|mobile_element|Class_I|LTR|Ty3_gypsy|non-chromovirus|OTA|Athila	OTA|Athila	159810	1278570	12.5
Dlus	monocentric	All|repeat|mobile_element|Class_I|LTR|Ty3_gypsy|non-chromovirus|OTA|Tat	OTA|Tat	0	1278570	0.0
Dlus	monocentric	All|repeat|mobile_element|Class_I|LTR|Ty3_gypsy|non-chromovirus|OTA|Tat|Ogre	Tat|Ogre	0	1278570	0.0
Dlus	monocentric	All|repeat|mobile_element|Class_I|LTR|Ty3_gypsy|non-chromovirus|OTA|Tat|Retand	Tat|Retand	0	1278570	0.0
Dlus	monocentric	All|repeat|mobile_element|Class_I|pararetrovirus	Class_I|pararetrovirus	0	1278570	0.0
Dlus	monocentric	All|repeat|rDNA|45S_rDNA	rDNA|45S_rDNA	2646	1278570	0.21
Dlus	monocentric	All|repeat|rDNA|45S_rDNA|18S_rDNA	45S_rDNA|18S_rDNA	0	1278570	0.0
Dlus	monocentric	All|repeat|rDNA|45S_rDNA|25S_rDNA	45S_rDNA|25S_rDNA	0	1278570	0.0
Dlus	monocentric	All|repeat|rDNA|5S_rDNA	rDNA|5S_rDNA	0	1278570	0.0
Dlus	monocentric	All|repeat|satellite	repeat|satellite	3298	1278570	0.26
Euni	holocentric	All	All	44727	441442	10.13
Euni	holocentric	All|organelle	All|organelle	0	441442	0.0
Euni	holocentric	All|organelle|mitochondria	organelle|mitochondria	0	441442	0.0
Euni	holocentric	All|organelle|plastid	organelle|plastid	1195	441442	0.27
Euni	holocentric	All|repeat	All|repeat	0	441442	0.0
Euni	holocentric	All|repeat|mobile_element	repeat|mobile_element	0	441442	0.0
Euni	holocentric	All|repeat|mobile_element|Class_II|Subclass_1|TIR|EnSpm_CACTA	TIR|EnSpm_CACTA	1733	441442	0.39
Euni	holocentric	All|repeat|mobile_element|Class_II|Subclass_1|TIR|hAT	TIR|hAT	262	441442	0.06
Euni	holocentric	All|repeat|mobile_element|Class_II|Subclass_1|TIR|MuDR_Mutator	TIR|MuDR_Mutator	805	441442	0.18
Euni	holocentric	All|repeat|mobile_element|Class_II|Subclass_1|TIR|Tc1_Mariner	TIR|Tc1_Mariner	0	441442	0.0
Euni	holocentric	All|repeat|mobile_element|Class_II|Subclass_2|Helitron	Subclass_2|Helitron	0	441442	0.0
Euni	holocentric	All|repeat|mobile_element|Class_I|LINE	Class_I|LINE	1371	441442	0.31
Euni	holocentric	All|repeat|mobile_element|Class_I|LTR	Class_I|LTR	15771	441442	3.57
Euni	holocentric	All|repeat|mobile_element|Class_I|LTR|Ty1_copia	LTR|Ty1_copia	0	441442	0.0
Euni	holocentric	All|repeat|mobile_element|Class_I|LTR|Ty1_copia|Ale	Ty1_copia|Ale	430	441442	0.1
Euni	holocentric	All|repeat|mobile_element|Class_I|LTR|Ty1_copia|Alesia	Ty1_copia|Alesia	0	441442	0.0
Euni	holocentric	All|repeat|mobile_element|Class_I|LTR|Ty1_copia|Angela	Ty1_copia|Angela	11876	441442	2.69
Euni	holocentric	All|repeat|mobile_element|Class_I|LTR|Ty1_copia|Bianca	Ty1_copia|Bianca	0	441442	0.0
Euni	holocentric	All|repeat|mobile_element|Class_I|LTR|Ty1_copia|Ikeros	Ty1_copia|Ikeros	2498	441442	0.57
Euni	holocentric	All|repeat|mobile_element|Class_I|LTR|Ty1_copia|Ivana	Ty1_copia|Ivana	5780	441442	1.31
Euni	holocentric	All|repeat|mobile_element|Class_I|LTR|Ty1_copia|SIRE	Ty1_copia|SIRE	10744	441442	2.43
Euni	holocentric	All|repeat|mobile_element|Class_I|LTR|Ty1_copia|TAR	Ty1_copia|TAR	0	441442	0.0
Euni	holocentric	All|repeat|mobile_element|Class_I|LTR|Ty1_copia|Tork	Ty1_copia|Tork	50	441442	0.01
Euni	holocentric	All|repeat|mobile_element|Class_I|LTR|Ty3_gypsy|chromovirus|CRM	chromovirus|CRM	2974	441442	0.67
Euni	holocentric	All|repeat|mobile_element|Class_I|LTR|Ty3_gypsy|chromovirus|Galadriel	chromovirus|Galadriel	0	441442	0.0
Euni	holocentric	All|repeat|mobile_element|Class_I|LTR|Ty3_gypsy|chromovirus|Reina	chromovirus|Reina	0	441442	0.0
Euni	holocentric	All|repeat|mobile_element|Class_I|LTR|Ty3_gypsy|chromovirus|Tekay	chromovirus|Tekay	246	441442	0.06
Euni	holocentric	All|repeat|mobile_element|Class_I|LTR|Ty3_gypsy|non-chromovirus|OTA|Athila	OTA|Athila	29749	441442	6.74
Euni	holocentric	All|repeat|mobile_element|Class_I|LTR|Ty3_gypsy|non-chromovirus|OTA|Tat	OTA|Tat	0	441442	0.0
Euni	holocentric	All|repeat|mobile_element|Class_I|LTR|Ty3_gypsy|non-chromovirus|OTA|Tat|Ogre	Tat|Ogre	6039	441442	1.37
Euni	holocentric	All|repeat|mobile_element|Class_I|LTR|Ty3_gypsy|non-chromovirus|OTA|Tat|Retand	Tat|Retand	2533	441442	0.57
Euni	holocentric	All|repeat|mobile_element|Class_I|pararetrovirus	Class_I|pararetrovirus	2075	441442	0.47
Euni	holocentric	All|repeat|rDNA|45S_rDNA	rDNA|45S_rDNA	2592	441442	0.59
Euni	holocentric	All|repeat|rDNA|45S_rDNA|18S_rDNA	45S_rDNA|18S_rDNA	0	441442	0.0
Euni	holocentric	All|repeat|rDNA|45S_rDNA|25S_rDNA	45S_rDNA|25S_rDNA	0	441442	0.0
Euni	holocentric	All|repeat|rDNA|5S_rDNA	rDNA|5S_rDNA	133	441442	0.03
Euni	holocentric	All|repeat|satellite	repeat|satellite	3223	441442	0.73
Lele	holocentric	All	All	33121	431213	7.68
Lele	holocentric	All|organelle	All|organelle	0	431213	0.0
Lele	holocentric	All|organelle|mitochondria	organelle|mitochondria	0	431213	0.0
Lele	holocentric	All|organelle|plastid	organelle|plastid	11248	431213	2.61
Lele	holocentric	All|repeat	All|repeat	9058	431213	2.1
Lele	holocentric	All|repeat|mobile_element	repeat|mobile_element	0	431213	0.0
Lele	holocentric	All|repeat|mobile_element|Class_II|Subclass_1|TIR|EnSpm_CACTA	TIR|EnSpm_CACTA	4764	431213	1.1
Lele	holocentric	All|repeat|mobile_element|Class_II|Subclass_1|TIR|hAT	TIR|hAT	0	431213	0.0
Lele	holocentric	All|repeat|mobile_element|Class_II|Subclass_1|TIR|MuDR_Mutator	TIR|MuDR_Mutator	646	431213	0.15
Lele	holocentric	All|repeat|mobile_element|Class_II|Subclass_1|TIR|Tc1_Mariner	TIR|Tc1_Mariner	0	431213	0.0
Lele	holocentric	All|repeat|mobile_element|Class_II|Subclass_2|Helitron	Subclass_2|Helitron	0	431213	0.0
Lele	holocentric	All|repeat|mobile_element|Class_I|LINE	Class_I|LINE	1244	431213	0.29
Lele	holocentric	All|repeat|mobile_element|Class_I|LTR	Class_I|LTR	15613	431213	3.62
Lele	holocentric	All|repeat|mobile_element|Class_I|LTR|Ty1_copia	LTR|Ty1_copia	0	431213	0.0
Lele	holocentric	All|repeat|mobile_element|Class_I|LTR|Ty1_copia|Ale	Ty1_copia|Ale	0	431213	0.0
Lele	holocentric	All|repeat|mobile_element|Class_I|LTR|Ty1_copia|Alesia	Ty1_copia|Alesia	236	431213	0.05
Lele	holocentric	All|repeat|mobile_element|Class_I|LTR|Ty1_copia|Angela	Ty1_copia|Angela	147627	431213	34.24
Lele	holocentric	All|repeat|mobile_element|Class_I|LTR|Ty1_copia|Bianca	Ty1_copia|Bianca	0	431213	0.0
Lele	holocentric	All|repeat|mobile_element|Class_I|LTR|Ty1_copia|Ikeros	Ty1_copia|Ikeros	0	431213	0.0
Lele	holocentric	All|repeat|mobile_element|Class_I|LTR|Ty1_copia|Ivana	Ty1_copia|Ivana	144	431213	0.03
Lele	holocentric	All|repeat|mobile_element|Class_I|LTR|Ty1_copia|SIRE	Ty1_copia|SIRE	5315	431213	1.23
Lele	holocentric	All|repeat|mobile_element|Class_I|LTR|Ty1_copia|TAR	Ty1_copia|TAR	0	431213	0.0
Lele	holocentric	All|repeat|mobile_element|Class_I|LTR|Ty1_copia|Tork	Ty1_copia|Tork	0	431213	0.0
Lele	holocentric	All|repeat|mobile_element|Class_I|LTR|Ty3_gypsy|chromovirus|CRM	chromovirus|CRM	0	431213	0.0
Lele	holocentric	All|repeat|mobile_element|Class_I|LTR|Ty3_gypsy|chromovirus|Galadriel	chromovirus|Galadriel	0	431213	0.0
Lele	holocentric	All|repeat|mobile_element|Class_I|LTR|Ty3_gypsy|chromovirus|Reina	chromovirus|Reina	0	431213	0.0
Lele	holocentric	All|repeat|mobile_element|Class_I|LTR|Ty3_gypsy|chromovirus|Tekay	chromovirus|Tekay	5531	431213	1.28
Lele	holocentric	All|repeat|mobile_element|Class_I|LTR|Ty3_gypsy|non-chromovirus|OTA|Athila	OTA|Athila	0	431213	0.0
Lele	holocentric	All|repeat|mobile_element|Class_I|LTR|Ty3_gypsy|non-chromovirus|OTA|Tat	OTA|Tat	0	431213	0.0
Lele	holocentric	All|repeat|mobile_element|Class_I|LTR|Ty3_gypsy|non-chromovirus|OTA|Tat|Ogre	Tat|Ogre	0	431213	0.0
Lele	holocentric	All|repeat|mobile_element|Class_I|LTR|Ty3_gypsy|non-chromovirus|OTA|Tat|Retand	Tat|Retand	0	431213	0.0
Lele	holocentric	All|repeat|mobile_element|Class_I|pararetrovirus	Class_I|pararetrovirus	0	431213	0.0
Lele	holocentric	All|repeat|rDNA|45S_rDNA	rDNA|45S_rDNA	2235	431213	0.52
Lele	holocentric	All|repeat|rDNA|45S_rDNA|18S_rDNA	45S_rDNA|18S_rDNA	0	431213	0.0
Lele	holocentric	All|repeat|rDNA|45S_rDNA|25S_rDNA	45S_rDNA|25S_rDNA	0	431213	0.0
Lele	holocentric	All|repeat|rDNA|5S_rDNA	rDNA|5S_rDNA	0	431213	0.0
Lele	holocentric	All|repeat|satellite	repeat|satellite	37493	431213	8.69
Lpil	holocentric	All	All	81481	259006	31.46
Lpil	holocentric	All|organelle	All|organelle	0	259006	0.0
Lpil	holocentric	All|organelle|mitochondria	organelle|mitochondria	169	259006	0.07
Lpil	holocentric	All|organelle|plastid	organelle|plastid	10047	259006	3.88
Lpil	holocentric	All|repeat	All|repeat	0	259006	0.0
Lpil	holocentric	All|repeat|mobile_element	repeat|mobile_element	0	259006	0.0
Lpil	holocentric	All|repeat|mobile_element|Class_II|Subclass_1|TIR|EnSpm_CACTA	TIR|EnSpm_CACTA	0	259006	0.0
Lpil	holocentric	All|repeat|mobile_element|Class_II|Subclass_1|TIR|hAT	TIR|hAT	0	259006	0.0
Lpil	holocentric	All|repeat|mobile_element|Class_II|Subclass_1|TIR|MuDR_Mutator	TIR|MuDR_Mutator	0	259006	0.0
Lpil	holocentric	All|repeat|mobile_element|Class_II|Subclass_1|TIR|Tc1_Mariner	TIR|Tc1_Mariner	0	259006	0.0
Lpil	holocentric	All|repeat|mobile_element|Class_II|Subclass_2|Helitron	Subclass_2|Helitron	0	259006	0.0
Lpil	holocentric	All|repeat|mobile_element|Class_I|LINE	Class_I|LINE	0	259006	0.0
Lpil	holocentric	All|repeat|mobile_element|Class_I|LTR	Class_I|LTR	0	259006	0.0
Lpil	holocentric	All|repeat|mobile_element|Class_I|LTR|Ty1_copia	LTR|Ty1_copia	0	259006	0.0
Lpil	holocentric	All|repeat|mobile_element|Class_I|LTR|Ty1_copia|Ale	Ty1_copia|Ale	0	259006	0.0
Lpil	holocentric	All|repeat|mobile_element|Class_I|LTR|Ty1_copia|Alesia	Ty1_copia|Alesia	0	259006	0.0
Lpil	holocentric	All|repeat|mobile_element|Class_I|LTR|Ty1_copia|Angela	Ty1_copia|Angela	4516	259006	1.74
Lpil	holocentric	All|repeat|mobile_element|Class_I|LTR|Ty1_copia|Bianca	Ty1_copia|Bianca	0	259006	0.0
Lpil	holocentric	All|repeat|mobile_element|Class_I|LTR|Ty1_copia|Ikeros	Ty1_copia|Ikeros	0	259006	0.0
Lpil	holocentric	All|repeat|mobile_element|Class_I|LTR|Ty1_copia|Ivana	Ty1_copia|Ivana	0	259006	0.0
Lpil	holocentric	All|repeat|mobile_element|Class_I|LTR|Ty1_copia|SIRE	Ty1_copia|SIRE	0	259006	0.0
Lpil	holocentric	All|repeat|mobile_element|Class_I|LTR|Ty1_copia|TAR	Ty1_copia|TAR	0	259006	0.0
Lpil	holocentric	All|repeat|mobile_element|Class_I|LTR|Ty1_copia|Tork	Ty1_copia|Tork	0	259006	0.0
Lpil	holocentric	All|repeat|mobile_element|Class_I|LTR|Ty3_gypsy|chromovirus|CRM	chromovirus|CRM	0	259006	0.0
Lpil	holocentric	All|repeat|mobile_element|Class_I|LTR|Ty3_gypsy|chromovirus|Galadriel	chromovirus|Galadriel	0	259006	0.0
Lpil	holocentric	All|repeat|mobile_element|Class_I|LTR|Ty3_gypsy|chromovirus|Reina	chromovirus|Reina	0	259006	0.0
Lpil	holocentric	All|repeat|mobile_element|Class_I|LTR|Ty3_gypsy|chromovirus|Tekay	chromovirus|Tekay	0	259006	0.0
Lpil	holocentric	All|repeat|mobile_element|Class_I|LTR|Ty3_gypsy|non-chromovirus|OTA|Athila	OTA|Athila	0	259006	0.0
Lpil	holocentric	All|repeat|mobile_element|Class_I|LTR|Ty3_gypsy|non-chromovirus|OTA|Tat	OTA|Tat	0	259006	0.0
Lpil	holocentric	All|repeat|mobile_element|Class_I|LTR|Ty3_gypsy|non-chromovirus|OTA|Tat|Ogre	Tat|Ogre	0	259006	0.0
Lpil	holocentric	All|repeat|mobile_element|Class_I|LTR|Ty3_gypsy|non-chromovirus|OTA|Tat|Retand	Tat|Retand	0	259006	0.0
Lpil	holocentric	All|repeat|mobile_element|Class_I|pararetrovirus	Class_I|pararetrovirus	0	259006	0.0
Lpil	holocentric	All|repeat|rDNA|45S_rDNA	rDNA|45S_rDNA	7516	259006	2.9
Lpil	holocentric	All|repeat|rDNA|45S_rDNA|18S_rDNA	45S_rDNA|18S_rDNA	0	259006	0.0
Lpil	holocentric	All|repeat|rDNA|45S_rDNA|25S_rDNA	45S_rDNA|25S_rDNA	0	259006	0.0
Lpil	holocentric	All|repeat|rDNA|5S_rDNA	rDNA|5S_rDNA	75	259006	0.03
Lpil	holocentric	All|repeat|satellite	repeat|satellite	8834	259006	3.41
Nven	monocentric	All	All	14752	403124	3.66
Nven	monocentric	All|organelle	All|organelle	0	403124	0.0
Nven	monocentric	All|organelle|mitochondria	organelle|mitochondria	40	403124	0.01
Nven	monocentric	All|organelle|plastid	organelle|plastid	25166	403124	6.24
Nven	monocentric	All|repeat	All|repeat	56394	403124	13.99
Nven	monocentric	All|repeat|mobile_element	repeat|mobile_element	0	403124	0.0
Nven	monocentric	All|repeat|mobile_element|Class_II|Subclass_1|TIR|EnSpm_CACTA	TIR|EnSpm_CACTA	0	403124	0.0
Nven	monocentric	All|repeat|mobile_element|Class_II|Subclass_1|TIR|hAT	TIR|hAT	0	403124	0.0
Nven	monocentric	All|repeat|mobile_element|Class_II|Subclass_1|TIR|MuDR_Mutator	TIR|MuDR_Mutator	0	403124	0.0
Nven	monocentric	All|repeat|mobile_element|Class_II|Subclass_1|TIR|Tc1_Mariner	TIR|Tc1_Mariner	0	403124	0.0
Nven	monocentric	All|repeat|mobile_element|Class_II|Subclass_2|Helitron	Subclass_2|Helitron	0	403124	0.0
Nven	monocentric	All|repeat|mobile_element|Class_I|LINE	Class_I|LINE	56	403124	0.01
Nven	monocentric	All|repeat|mobile_element|Class_I|LTR	Class_I|LTR	0	403124	0.0
Nven	monocentric	All|repeat|mobile_element|Class_I|LTR|Ty1_copia	LTR|Ty1_copia	0	403124	0.0
Nven	monocentric	All|repeat|mobile_element|Class_I|LTR|Ty1_copia|Ale	Ty1_copia|Ale	50	403124	0.01
Nven	monocentric	All|repeat|mobile_element|Class_I|LTR|Ty1_copia|Alesia	Ty1_copia|Alesia	0	403124	0.0
Nven	monocentric	All|repeat|mobile_element|Class_I|LTR|Ty1_copia|Angela	Ty1_copia|Angela	0	403124	0.0
Nven	monocentric	All|repeat|mobile_element|Class_I|LTR|Ty1_copia|Bianca	Ty1_copia|Bianca	0	403124	0.0
Nven	monocentric	All|repeat|mobile_element|Class_I|LTR|Ty1_copia|Ikeros	Ty1_copia|Ikeros	3399	403124	0.84
Nven	monocentric	All|repeat|mobile_element|Class_I|LTR|Ty1_copia|Ivana	Ty1_copia|Ivana	0	403124	0.0
Nven	monocentric	All|repeat|mobile_element|Class_I|LTR|Ty1_copia|SIRE	Ty1_copia|SIRE	2942	403124	0.73
Nven	monocentric	All|repeat|mobile_element|Class_I|LTR|Ty1_copia|TAR	Ty1_copia|TAR	0	403124	0.0
Nven	monocentric	All|repeat|mobile_element|Class_I|LTR|Ty1_copia|Tork	Ty1_copia|Tork	9712	403124	2.41
Nven	monocentric	All|repeat|mobile_element|Class_I|LTR|Ty3_gypsy|chromovirus|CRM	chromovirus|CRM	0	403124	0.0
Nven	monocentric	All|repeat|mobile_element|Class_I|LTR|Ty3_gypsy|chromovirus|Galadriel	chromovirus|Galadriel	0	403124	0.0
Nven	monocentric	All|repeat|mobile_element|Class_I|LTR|Ty3_gypsy|chromovirus|Reina	chromovirus|Reina	0	403124	0.0
Nven	monocentric	All|repeat|mobile_element|Class_I|LTR|Ty3_gypsy|chromovirus|Tekay	chromovirus|Tekay	40587	403124	10.07
Nven	monocentric	All|repeat|mobile_element|Class_I|LTR|Ty3_gypsy|non-chromovirus|OTA|Athila	OTA|Athila	0	403124	0.0
Nven	monocentric	All|repeat|mobile_element|Class_I|LTR|Ty3_gypsy|non-chromovirus|OTA|Tat	OTA|Tat	0	403124	0.0
Nven	monocentric	All|repeat|mobile_element|Class_I|LTR|Ty3_gypsy|non-chromovirus|OTA|Tat|Ogre	Tat|Ogre	0	403124	0.0
Nven	monocentric	All|repeat|mobile_element|Class_I|LTR|Ty3_gypsy|non-chromovirus|OTA|Tat|Retand	Tat|Retand	20845	403124	5.17
Nven	monocentric	All|repeat|mobile_element|Class_I|pararetrovirus	Class_I|pararetrovirus	0	403124	0.0
Nven	monocentric	All|repeat|rDNA|45S_rDNA	rDNA|45S_rDNA	33545	403124	8.32
Nven	monocentric	All|repeat|rDNA|45S_rDNA|18S_rDNA	45S_rDNA|18S_rDNA	0	403124	0.0
Nven	monocentric	All|repeat|rDNA|45S_rDNA|25S_rDNA	45S_rDNA|25S_rDNA	0	403124	0.0
Nven	monocentric	All|repeat|rDNA|5S_rDNA	rDNA|5S_rDNA	42	403124	0.01
Nven	monocentric	All|repeat|satellite	repeat|satellite	2857	403124	0.71
Osat	monocentric	All	All	74308	952196	7.8
Osat	monocentric	All|organelle	All|organelle	0	952196	0.0
Osat	monocentric	All|organelle|mitochondria	organelle|mitochondria	1419	952196	0.15
Osat	monocentric	All|organelle|plastid	organelle|plastid	26828	952196	2.82
Osat	monocentric	All|repeat	All|repeat	0	952196	0.0
Osat	monocentric	All|repeat|mobile_element	repeat|mobile_element	0	952196	0.0
Osat	monocentric	All|repeat|mobile_element|Class_II|Subclass_1|TIR|EnSpm_CACTA	TIR|EnSpm_CACTA	11284	952196	1.19
Osat	monocentric	All|repeat|mobile_element|Class_II|Subclass_1|TIR|hAT	TIR|hAT	239	952196	0.03
Osat	monocentric	All|repeat|mobile_element|Class_II|Subclass_1|TIR|MuDR_Mutator	TIR|MuDR_Mutator	5424	952196	0.57
Osat	monocentric	All|repeat|mobile_element|Class_II|Subclass_1|TIR|Tc1_Mariner	TIR|Tc1_Mariner	0	952196	0.0
Osat	monocentric	All|repeat|mobile_element|Class_II|Subclass_2|Helitron	Subclass_2|Helitron	0	952196	0.0
Osat	monocentric	All|repeat|mobile_element|Class_I|LINE	Class_I|LINE	0	952196	0.0
Osat	monocentric	All|repeat|mobile_element|Class_I|LTR	Class_I|LTR	9479	952196	1.0
Osat	monocentric	All|repeat|mobile_element|Class_I|LTR|Ty1_copia	LTR|Ty1_copia	0	952196	0.0
Osat	monocentric	All|repeat|mobile_element|Class_I|LTR|Ty1_copia|Ale	Ty1_copia|Ale	0	952196	0.0
Osat	monocentric	All|repeat|mobile_element|Class_I|LTR|Ty1_copia|Alesia	Ty1_copia|Alesia	0	952196	0.0
Osat	monocentric	All|repeat|mobile_element|Class_I|LTR|Ty1_copia|Angela	Ty1_copia|Angela	1488	952196	0.16
Osat	monocentric	All|repeat|mobile_element|Class_I|LTR|Ty1_copia|Bianca	Ty1_copia|Bianca	0	952196	0.0
Osat	monocentric	All|repeat|mobile_element|Class_I|LTR|Ty1_copia|Ikeros	Ty1_copia|Ikeros	1092	952196	0.11
Osat	monocentric	All|repeat|mobile_element|Class_I|LTR|Ty1_copia|Ivana	Ty1_copia|Ivana	767	952196	0.08
Osat	monocentric	All|repeat|mobile_element|Class_I|LTR|Ty1_copia|SIRE	Ty1_copia|SIRE	8262	952196	0.87
Osat	monocentric	All|repeat|mobile_element|Class_I|LTR|Ty1_copia|TAR	Ty1_copia|TAR	6456	952196	0.68
Osat	monocentric	All|repeat|mobile_element|Class_I|LTR|Ty1_copia|Tork	Ty1_copia|Tork	639	952196	0.07
Osat	monocentric	All|repeat|mobile_element|Class_I|LTR|Ty3_gypsy|chromovirus|CRM	chromovirus|CRM	3892	952196	0.41
Osat	monocentric	All|repeat|mobile_element|Class_I|LTR|Ty3_gypsy|chromovirus|Galadriel	chromovirus|Galadriel	0	952196	0.0
Osat	monocentric	All|repeat|mobile_element|Class_I|LTR|Ty3_gypsy|chromovirus|Reina	chromovirus|Reina	0	952196	0.0
Osat	monocentric	All|repeat|mobile_element|Class_I|LTR|Ty3_gypsy|chromovirus|Tekay	chromovirus|Tekay	52954	952196	5.56
Osat	monocentric	All|repeat|mobile_element|Class_I|LTR|Ty3_gypsy|non-chromovirus|OTA|Athila	OTA|Athila	6855	952196	0.72
Osat	monocentric	All|repeat|mobile_element|Class_I|LTR|Ty3_gypsy|non-chromovirus|OTA|Tat	OTA|Tat	0	952196	0.0
Osat	monocentric	All|repeat|mobile_element|Class_I|LTR|Ty3_gypsy|non-chromovirus|OTA|Tat|Ogre	Tat|Ogre	8033	952196	0.84
Osat	monocentric	All|repeat|mobile_element|Class_I|LTR|Ty3_gypsy|non-chromovirus|OTA|Tat|Retand	Tat|Retand	41072	952196	4.31
Osat	monocentric	All|repeat|mobile_element|Class_I|pararetrovirus	Class_I|pararetrovirus	510	952196	0.05
Osat	monocentric	All|repeat|rDNA|45S_rDNA	rDNA|45S_rDNA	0	952196	0.0
Osat	monocentric	All|repeat|rDNA|45S_rDNA|18S_rDNA	45S_rDNA|18S_rDNA	3617	952196	0.38
Osat	monocentric	All|repeat|rDNA|45S_rDNA|25S_rDNA	45S_rDNA|25S_rDNA	5804	952196	0.61
Osat	monocentric	All|repeat|rDNA|5S_rDNA	rDNA|5S_rDNA	879	952196	0.09
Osat	monocentric	All|repeat|satellite	repeat|satellite	1514	952196	0.16
Pqua	monocentric	All	All	82149	1297746	6.33
Pqua	monocentric	All|organelle	All|organelle	0	1297746	0.0
Pqua	monocentric	All|organelle|mitochondria	organelle|mitochondria	0	1297746	0.0
Pqua	monocentric	All|organelle|plastid	organelle|plastid	24706	1297746	1.9
Pqua	monocentric	All|repeat	All|repeat	0	1297746	0.0
Pqua	monocentric	All|repeat|mobile_element	repeat|mobile_element	0	1297746	0.0
Pqua	monocentric	All|repeat|mobile_element|Class_II|Subclass_1|TIR|EnSpm_CACTA	TIR|EnSpm_CACTA	31136	1297746	2.4
Pqua	monocentric	All|repeat|mobile_element|Class_II|Subclass_1|TIR|hAT	TIR|hAT	269	1297746	0.02
Pqua	monocentric	All|repeat|mobile_element|Class_II|Subclass_1|TIR|MuDR_Mutator	TIR|MuDR_Mutator	0	1297746	0.0
Pqua	monocentric	All|repeat|mobile_element|Class_II|Subclass_1|TIR|Tc1_Mariner	TIR|Tc1_Mariner	0	1297746	0.0
Pqua	monocentric	All|repeat|mobile_element|Class_II|Subclass_2|Helitron	Subclass_2|Helitron	0	1297746	0.0
Pqua	monocentric	All|repeat|mobile_element|Class_I|LINE	Class_I|LINE	1496	1297746	0.12
Pqua	monocentric	All|repeat|mobile_element|Class_I|LTR	Class_I|LTR	2711	1297746	0.21
Pqua	monocentric	All|repeat|mobile_element|Class_I|LTR|Ty1_copia	LTR|Ty1_copia	0	1297746	0.0
Pqua	monocentric	All|repeat|mobile_element|Class_I|LTR|Ty1_copia|Ale	Ty1_copia|Ale	587	1297746	0.05
Pqua	monocentric	All|repeat|mobile_element|Class_I|LTR|Ty1_copia|Alesia	Ty1_copia|Alesia	0	1297746	0.0
Pqua	monocentric	All|repeat|mobile_element|Class_I|LTR|Ty1_copia|Angela	Ty1_copia|Angela	18583	1297746	1.43
Pqua	monocentric	All|repeat|mobile_element|Class_I|LTR|Ty1_copia|Bianca	Ty1_copia|Bianca	0	1297746	0.0
Pqua	monocentric	All|repeat|mobile_element|Class_I|LTR|Ty1_copia|Ikeros	Ty1_copia|Ikeros	0	1297746	0.0
Pqua	monocentric	All|repeat|mobile_element|Class_I|LTR|Ty1_copia|Ivana	Ty1_copia|Ivana	0	1297746	0.0
Pqua	monocentric	All|repeat|mobile_element|Class_I|LTR|Ty1_copia|SIRE	Ty1_copia|SIRE	0	1297746	0.0
Pqua	monocentric	All|repeat|mobile_element|Class_I|LTR|Ty1_copia|TAR	Ty1_copia|TAR	8921	1297746	0.69
Pqua	monocentric	All|repeat|mobile_element|Class_I|LTR|Ty1_copia|Tork	Ty1_copia|Tork	7171	1297746	0.55
Pqua	monocentric	All|repeat|mobile_element|Class_I|LTR|Ty3_gypsy|chromovirus|CRM	chromovirus|CRM	0	1297746	0.0
Pqua	monocentric	All|repeat|mobile_element|Class_I|LTR|Ty3_gypsy|chromovirus|Galadriel	chromovirus|Galadriel	0	1297746	0.0
Pqua	monocentric	All|repeat|mobile_element|Class_I|LTR|Ty3_gypsy|chromovirus|Reina	chromovirus|Reina	0	1297746	0.0
Pqua	monocentric	All|repeat|mobile_element|Class_I|LTR|Ty3_gypsy|chromovirus|Tekay	chromovirus|Tekay	80424	1297746	6.2
Pqua	monocentric	All|repeat|mobile_element|Class_I|LTR|Ty3_gypsy|non-chromovirus|OTA|Athila	OTA|Athila	196736	1297746	15.16
Pqua	monocentric	All|repeat|mobile_element|Class_I|LTR|Ty3_gypsy|non-chromovirus|OTA|Tat	OTA|Tat	988	1297746	0.08
Pqua	monocentric	All|repeat|mobile_element|Class_I|LTR|Ty3_gypsy|non-chromovirus|OTA|Tat|Ogre	Tat|Ogre	0	1297746	0.0
Pqua	monocentric	All|repeat|mobile_element|Class_I|LTR|Ty3_gypsy|non-chromovirus|OTA|Tat|Retand	Tat|Retand	75602	1297746	5.83
Pqua	monocentric	All|repeat|mobile_element|Class_I|pararetrovirus	Class_I|pararetrovirus	0	1297746	0.0
Pqua	monocentric	All|repeat|rDNA|45S_rDNA	rDNA|45S_rDNA	0	1297746	0.0
Pqua	monocentric	All|repeat|rDNA|45S_rDNA|18S_rDNA	45S_rDNA|18S_rDNA	0	1297746	0.0
Pqua	monocentric	All|repeat|rDNA|45S_rDNA|25S_rDNA	45S_rDNA|25S_rDNA	0	1297746	0.0
Pqua	monocentric	All|repeat|rDNA|5S_rDNA	rDNA|5S_rDNA	306	1297746	0.02
Pqua	monocentric	All|repeat|satellite	repeat|satellite	2337	1297746	0.18
Race	monocentric	All	All	33223	786441	4.22
Race	monocentric	All|organelle	All|organelle	0	786441	0.0
Race	monocentric	All|organelle|mitochondria	organelle|mitochondria	0	786441	0.0
Race	monocentric	All|organelle|plastid	organelle|plastid	13336	786441	1.7
Race	monocentric	All|repeat	All|repeat	0	786441	0.0
Race	monocentric	All|repeat|mobile_element	repeat|mobile_element	0	786441	0.0
Race	monocentric	All|repeat|mobile_element|Class_II|Subclass_1|TIR|EnSpm_CACTA	TIR|EnSpm_CACTA	1667	786441	0.21
Race	monocentric	All|repeat|mobile_element|Class_II|Subclass_1|TIR|hAT	TIR|hAT	0	786441	0.0
Race	monocentric	All|repeat|mobile_element|Class_II|Subclass_1|TIR|MuDR_Mutator	TIR|MuDR_Mutator	1111	786441	0.14
Race	monocentric	All|repeat|mobile_element|Class_II|Subclass_1|TIR|Tc1_Mariner	TIR|Tc1_Mariner	0	786441	0.0
Race	monocentric	All|repeat|mobile_element|Class_II|Subclass_2|Helitron	Subclass_2|Helitron	0	786441	0.0
Race	monocentric	All|repeat|mobile_element|Class_I|LINE	Class_I|LINE	0	786441	0.0
Race	monocentric	All|repeat|mobile_element|Class_I|LTR	Class_I|LTR	39331	786441	5.0
Race	monocentric	All|repeat|mobile_element|Class_I|LTR|Ty1_copia	LTR|Ty1_copia	0	786441	0.0
Race	monocentric	All|repeat|mobile_element|Class_I|LTR|Ty1_copia|Ale	Ty1_copia|Ale	0	786441	0.0
Race	monocentric	All|repeat|mobile_element|Class_I|LTR|Ty1_copia|Alesia	Ty1_copia|Alesia	0	786441	0.0
Race	monocentric	All|repeat|mobile_element|Class_I|LTR|Ty1_copia|Angela	Ty1_copia|Angela	0	786441	0.0
Race	monocentric	All|repeat|mobile_element|Class_I|LTR|Ty1_copia|Bianca	Ty1_copia|Bianca	478	786441	0.06
Race	monocentric	All|repeat|mobile_element|Class_I|LTR|Ty1_copia|Ikeros	Ty1_copia|Ikeros	0	786441	0.0
Race	monocentric	All|repeat|mobile_element|Class_I|LTR|Ty1_copia|Ivana	Ty1_copia|Ivana	116	786441	0.01
Race	monocentric	All|repeat|mobile_element|Class_I|LTR|Ty1_copia|SIRE	Ty1_copia|SIRE	162646	786441	20.68
Race	monocentric	All|repeat|mobile_element|Class_I|LTR|Ty1_copia|TAR	Ty1_copia|TAR	296	786441	0.04
Race	monocentric	All|repeat|mobile_element|Class_I|LTR|Ty1_copia|Tork	Ty1_copia|Tork	0	786441	0.0
Race	monocentric	All|repeat|mobile_element|Class_I|LTR|Ty3_gypsy|chromovirus|CRM	chromovirus|CRM	37908	786441	4.82
Race	monocentric	All|repeat|mobile_element|Class_I|LTR|Ty3_gypsy|chromovirus|Galadriel	chromovirus|Galadriel	0	786441	0.0
Race	monocentric	All|repeat|mobile_element|Class_I|LTR|Ty3_gypsy|chromovirus|Reina	chromovirus|Reina	0	786441	0.0
Race	monocentric	All|repeat|mobile_element|Class_I|LTR|Ty3_gypsy|chromovirus|Tekay	chromovirus|Tekay	1254	786441	0.16
Race	monocentric	All|repeat|mobile_element|Class_I|LTR|Ty3_gypsy|non-chromovirus|OTA|Athila	OTA|Athila	83052	786441	10.56
Race	monocentric	All|repeat|mobile_element|Class_I|LTR|Ty3_gypsy|non-chromovirus|OTA|Tat	OTA|Tat	0	786441	0.0
Race	monocentric	All|repeat|mobile_element|Class_I|LTR|Ty3_gypsy|non-chromovirus|OTA|Tat|Ogre	Tat|Ogre	0	786441	0.0
Race	monocentric	All|repeat|mobile_element|Class_I|LTR|Ty3_gypsy|non-chromovirus|OTA|Tat|Retand	Tat|Retand	62706	786441	7.97
Race	monocentric	All|repeat|mobile_element|Class_I|pararetrovirus	Class_I|pararetrovirus	0	786441	0.0
Race	monocentric	All|repeat|rDNA|45S_rDNA	rDNA|45S_rDNA	9399	786441	1.2
Race	monocentric	All|repeat|rDNA|45S_rDNA|18S_rDNA	45S_rDNA|18S_rDNA	0	786441	0.0
Race	monocentric	All|repeat|rDNA|45S_rDNA|25S_rDNA	45S_rDNA|25S_rDNA	0	786441	0.0
Race	monocentric	All|repeat|rDNA|5S_rDNA	rDNA|5S_rDNA	678	786441	0.09
Race	monocentric	All|repeat|satellite	repeat|satellite	66427	786441	8.45
Ralp	monocentric	All	All	38921	996033	3.91
Ralp	monocentric	All|organelle	All|organelle	0	996033	0.0
Ralp	monocentric	All|organelle|mitochondria	organelle|mitochondria	7830	996033	0.79
Ralp	monocentric	All|organelle|plastid	organelle|plastid	154949	996033	15.56
Ralp	monocentric	All|repeat	All|repeat	18949	996033	1.9
Ralp	monocentric	All|repeat|mobile_element	repeat|mobile_element	0	996033	0.0
Ralp	monocentric	All|repeat|mobile_element|Class_II|Subclass_1|TIR|EnSpm_CACTA	TIR|EnSpm_CACTA	0	996033	0.0
Ralp	monocentric	All|repeat|mobile_element|Class_II|Subclass_1|TIR|hAT	TIR|hAT	450	996033	0.05
Ralp	monocentric	All|repeat|mobile_element|Class_II|Subclass_1|TIR|MuDR_Mutator	TIR|MuDR_Mutator	0	996033	0.0
Ralp	monocentric	All|repeat|mobile_element|Class_II|Subclass_1|TIR|Tc1_Mariner	TIR|Tc1_Mariner	265	996033	0.03
Ralp	monocentric	All|repeat|mobile_element|Class_II|Subclass_2|Helitron	Subclass_2|Helitron	267	996033	0.03
Ralp	monocentric	All|repeat|mobile_element|Class_I|LINE	Class_I|LINE	14905	996033	1.5
Ralp	monocentric	All|repeat|mobile_element|Class_I|LTR	Class_I|LTR	6984	996033	0.7
Ralp	monocentric	All|repeat|mobile_element|Class_I|LTR|Ty1_copia	LTR|Ty1_copia	0	996033	0.0
Ralp	monocentric	All|repeat|mobile_element|Class_I|LTR|Ty1_copia|Ale	Ty1_copia|Ale	728	996033	0.07
Ralp	monocentric	All|repeat|mobile_element|Class_I|LTR|Ty1_copia|Alesia	Ty1_copia|Alesia	0	996033	0.0
Ralp	monocentric	All|repeat|mobile_element|Class_I|LTR|Ty1_copia|Angela	Ty1_copia|Angela	4196	996033	0.42
Ralp	monocentric	All|repeat|mobile_element|Class_I|LTR|Ty1_copia|Bianca	Ty1_copia|Bianca	434	996033	0.04
Ralp	monocentric	All|repeat|mobile_element|Class_I|LTR|Ty1_copia|Ikeros	Ty1_copia|Ikeros	703	996033	0.07
Ralp	monocentric	All|repeat|mobile_element|Class_I|LTR|Ty1_copia|Ivana	Ty1_copia|Ivana	640	996033	0.06
Ralp	monocentric	All|repeat|mobile_element|Class_I|LTR|Ty1_copia|SIRE	Ty1_copia|SIRE	58076	996033	5.83
Ralp	monocentric	All|repeat|mobile_element|Class_I|LTR|Ty1_copia|TAR	Ty1_copia|TAR	11253	996033	1.13
Ralp	monocentric	All|repeat|mobile_element|Class_I|LTR|Ty1_copia|Tork	Ty1_copia|Tork	2846	996033	0.29
Ralp	monocentric	All|repeat|mobile_element|Class_I|LTR|Ty3_gypsy|chromovirus|CRM	chromovirus|CRM	57533	996033	5.78
Ralp	monocentric	All|repeat|mobile_element|Class_I|LTR|Ty3_gypsy|chromovirus|Galadriel	chromovirus|Galadriel	0	996033	0.0
Ralp	monocentric	All|repeat|mobile_element|Class_I|LTR|Ty3_gypsy|chromovirus|Reina	chromovirus|Reina	0	996033	0.0
Ralp	monocentric	All|repeat|mobile_element|Class_I|LTR|Ty3_gypsy|chromovirus|Tekay	chromovirus|Tekay	957	996033	0.1
Ralp	monocentric	All|repeat|mobile_element|Class_I|LTR|Ty3_gypsy|non-chromovirus|OTA|Athila	OTA|Athila	62714	996033	6.3
Ralp	monocentric	All|repeat|mobile_element|Class_I|LTR|Ty3_gypsy|non-chromovirus|OTA|Tat	OTA|Tat	0	996033	0.0
Ralp	monocentric	All|repeat|mobile_element|Class_I|LTR|Ty3_gypsy|non-chromovirus|OTA|Tat|Ogre	Tat|Ogre	0	996033	0.0
Ralp	monocentric	All|repeat|mobile_element|Class_I|LTR|Ty3_gypsy|non-chromovirus|OTA|Tat|Retand	Tat|Retand	6652	996033	0.67
Ralp	monocentric	All|repeat|mobile_element|Class_I|pararetrovirus	Class_I|pararetrovirus	0	996033	0.0
Ralp	monocentric	All|repeat|rDNA|45S_rDNA	rDNA|45S_rDNA	20456	996033	2.05
Ralp	monocentric	All|repeat|rDNA|45S_rDNA|18S_rDNA	45S_rDNA|18S_rDNA	0	996033	0.0
Ralp	monocentric	All|repeat|rDNA|45S_rDNA|25S_rDNA	45S_rDNA|25S_rDNA	0	996033	0.0
Ralp	monocentric	All|repeat|rDNA|5S_rDNA	rDNA|5S_rDNA	0	996033	0.0
Ralp	monocentric	All|repeat|satellite	repeat|satellite	16448	996033	1.65
Scer	monocentric	All	All	38447	375121	10.25
Scer	monocentric	All|organelle	All|organelle	0	375121	0.0
Scer	monocentric	All|organelle|mitochondria	organelle|mitochondria	0	375121	0.0
Scer	monocentric	All|organelle|plastid	organelle|plastid	2442	375121	0.65
Scer	monocentric	All|repeat	All|repeat	0	375121	0.0
Scer	monocentric	All|repeat|mobile_element	repeat|mobile_element	0	375121	0.0
Scer	monocentric	All|repeat|mobile_element|Class_II|Subclass_1|TIR|EnSpm_CACTA	TIR|EnSpm_CACTA	3157	375121	0.84
Scer	monocentric	All|repeat|mobile_element|Class_II|Subclass_1|TIR|hAT	TIR|hAT	0	375121	0.0
Scer	monocentric	All|repeat|mobile_element|Class_II|Subclass_1|TIR|MuDR_Mutator	TIR|MuDR_Mutator	93	375121	0.02
Scer	monocentric	All|repeat|mobile_element|Class_II|Subclass_1|TIR|Tc1_Mariner	TIR|Tc1_Mariner	0	375121	0.0
Scer	monocentric	All|repeat|mobile_element|Class_II|Subclass_2|Helitron	Subclass_2|Helitron	0	375121	0.0
Scer	monocentric	All|repeat|mobile_element|Class_I|LINE	Class_I|LINE	0	375121	0.0
Scer	monocentric	All|repeat|mobile_element|Class_I|LTR	Class_I|LTR	9561	375121	2.55
Scer	monocentric	All|repeat|mobile_element|Class_I|LTR|Ty1_copia	LTR|Ty1_copia	0	375121	0.0
Scer	monocentric	All|repeat|mobile_element|Class_I|LTR|Ty1_copia|Ale	Ty1_copia|Ale	0	375121	0.0
Scer	monocentric	All|repeat|mobile_element|Class_I|LTR|Ty1_copia|Alesia	Ty1_copia|Alesia	0	375121	0.0
Scer	monocentric	All|repeat|mobile_element|Class_I|LTR|Ty1_copia|Angela	Ty1_copia|Angela	31639	375121	8.43
Scer	monocentric	All|repeat|mobile_element|Class_I|LTR|Ty1_copia|Bianca	Ty1_copia|Bianca	0	375121	0.0
Scer	monocentric	All|repeat|mobile_element|Class_I|LTR|Ty1_copia|Ikeros	Ty1_copia|Ikeros	0	375121	0.0
Scer	monocentric	All|repeat|mobile_element|Class_I|LTR|Ty1_copia|Ivana	Ty1_copia|Ivana	0	375121	0.0
Scer	monocentric	All|repeat|mobile_element|Class_I|LTR|Ty1_copia|SIRE	Ty1_copia|SIRE	11815	375121	3.15
Scer	monocentric	All|repeat|mobile_element|Class_I|LTR|Ty1_copia|TAR	Ty1_copia|TAR	270	375121	0.07
Scer	monocentric	All|repeat|mobile_element|Class_I|LTR|Ty1_copia|Tork	Ty1_copia|Tork	0	375121	0.0
Scer	monocentric	All|repeat|mobile_element|Class_I|LTR|Ty3_gypsy|chromovirus|CRM	chromovirus|CRM	11392	375121	3.04
Scer	monocentric	All|repeat|mobile_element|Class_I|LTR|Ty3_gypsy|chromovirus|Galadriel	chromovirus|Galadriel	0	375121	0.0
Scer	monocentric	All|repeat|mobile_element|Class_I|LTR|Ty3_gypsy|chromovirus|Reina	chromovirus|Reina	0	375121	0.0
Scer	monocentric	All|repeat|mobile_element|Class_I|LTR|Ty3_gypsy|chromovirus|Tekay	chromovirus|Tekay	43612	375121	11.63
Scer	monocentric	All|repeat|mobile_element|Class_I|LTR|Ty3_gypsy|non-chromovirus|OTA|Athila	OTA|Athila	65832	375121	17.55
Scer	monocentric	All|repeat|mobile_element|Class_I|LTR|Ty3_gypsy|non-chromovirus|OTA|Tat	OTA|Tat	0	375121	0.0
Scer	monocentric	All|repeat|mobile_element|Class_I|LTR|Ty3_gypsy|non-chromovirus|OTA|Tat|Ogre	Tat|Ogre	0	375121	0.0
Scer	monocentric	All|repeat|mobile_element|Class_I|LTR|Ty3_gypsy|non-chromovirus|OTA|Tat|Retand	Tat|Retand	23400	375121	6.24
Scer	monocentric	All|repeat|mobile_element|Class_I|pararetrovirus	Class_I|pararetrovirus	0	375121	0.0
Scer	monocentric	All|repeat|rDNA|45S_rDNA	rDNA|45S_rDNA	1771	375121	0.47
Scer	monocentric	All|repeat|rDNA|45S_rDNA|18S_rDNA	45S_rDNA|18S_rDNA	0	375121	0.0
Scer	monocentric	All|repeat|rDNA|45S_rDNA|25S_rDNA	45S_rDNA|25S_rDNA	0	375121	0.0
Scer	monocentric	All|repeat|rDNA|5S_rDNA	rDNA|5S_rDNA	95	375121	0.03
Scer	monocentric	All|repeat|satellite	repeat|satellite	13055	375121	3.48
